Job Type, Title, Date, Location, Address, NA1, NA2, NA3, NA4, NA5, NA6, Date
accountant,N/A,"May 14, 2024",LIBCAN Restoration,"Truro Heights,NS",Not available,Not specified,Not specified,Not specified,Not specified,Not specified,2024-06-13
accountant,N/A,"May 22, 2024",HARMINDER SIAN & CO.,"6628 FRASER STREETVancouver,BCV5X 3T5",Not available,Not specified,Not specified,Not specified,Not specified,Not specified,2024-06-22
accountant,N/A,"May 13, 2024",HM Tax Services Ltd.,"#100- 6338 Fraser StVancouver,BCV5W 3A4",Not available,Not specified,Not specified,Not specified,Not specified,Not specified,2024-06-12
accountant,N/A,"May 22, 2024",TB Clift Limited,"St. John's,NL",Not available,Not specified,Not specified,Not specified,Not specified,https://ca.indeed.com/viewjob?jk=c618805da787deef&sid=cajb&kw=cajb,Not specified
accountant,N/A,"May 13, 2024",Planar Motor Incorporated,"Richmond,BC",Not available,Not specified,Not specified,Not specified,Not specified,Not specified,2024-06-12
accountant,Title posted on ZipRecruiter -Senior Accountant Accounting Manager,"May 22, 2024",Canada Fastening Corporation,"Mississauga,ON",Not available,Not specified,Not specified,Not specified,Not specified,https://www.ziprecruiter.com/k/t/AAIfBMxXE5KySzMuy7QgRjiTafs-1n2uwlzdz-W14iw0qrO-yn8xLQ_J0dUw6nVy9lzCZ-9ZPFs3PrM8hjwORS5YYkok1tLVIfuu74tv1ldmwdmEkXLV68OvwiZIp8ouChj1GuZGdEIK7WRLisP2iAryK85hfyP0BaxakJFnJg6gNyBJZ_lJA9jV8G8L7RkCObC6ajcgWWSN8GtMijpNVBm4UF5mKXbIw5wTqY0m3LJZuD_U5ubaA9HrLFxqO8gdFKmDbcYl39S4st7PT5AZtXnp2FZVPdiarqcWZqyfCfGtKCh5UGG-rFWkulZwnOfJXwMmyYD0ZHxJ_58sWZVjgwQr,2024-06-20
accountant,N/A,"May 08, 2024",West Prince Bookkeeping Ltd,"Alberton,PE",Not available,Not specified,Not specified,Not specified,Not specified,Not specified,2024-06-07
accountant,Title posted on ZipRecruiter -Accounting Bookkeeper,"May 17, 2024",Yarl Metal Fabrications Inc,"Toronto,ON",Not available,Not specified,Not specified,Not specified,Not specified,https://www.ziprecruiter.com/k/t/AAJ3VHD-U-T2KuR_KBBHlUJdapmqThOtABoEzCjWmwpz-w0k3uRg_YQIykAOvZzAKljcUtNElS4fLVpTJCUQ8LUCT2xlKgZ7pYw_RVGtRgo2bPnbVwtgzPGa3k8ojMMH5aCAVwud4xnG9Vns20-Rmp3CeJqNwjI7KcjO9EBeb8qt58UdVgh0FovOjelU1i6Bk3wCBJ5-K_Afhueu9ZXGDJFUvmbbwct7ymiu2Tbm532zKrCnNxDQg9TvhfaHatysSNDpD0GxAxMTmliV7LAu4JQoy1iGE1AL5DKiCprEf-qYIqCsmjqwzQaQT_sj0090lA,2024-06-15
accountant,Title posted on Jobillico -Bookeeper,"May 14, 2024",Trueline Valve Corporation,"Sainte-Anne-de-Bellevue,QC",Not available,Not specified,Not specified,Not specified,Not specified,https://www.jobillico.com/en/job-offer/trueline-valve-corporation/bookeeper/13316379?ji_visitsrc=136,2024-06-12
accountant,N/A,"May 21, 2024",Libratel,"North York,ON",Not available,Not specified,Not specified,Not specified,Not specified,https://ca.indeed.com/viewjob?jk=873568d420fdf625&sid=cajb&kw=cajb,Not specified
accountant,N/A,"May 21, 2024",Christina Lake Cannabis,"Christina Lake,BC",Not available,Not specified,Not specified,Not specified,Not specified,https://ca.indeed.com/viewjob?jk=c5f643ee66663897&sid=cajb&kw=cajb,Not specified
accountant,Title posted on indeed.com -Accountant CPA,"May 22, 2024",Viva Recruiters,"Burlington,ON",Not available,Not specified,Not specified,Not specified,Not specified,https://ca.indeed.com/viewjob?jk=b97780c7a7b94f65&sid=cajb&kw=cajb,Not specified
accountant,N/A,"May 14, 2024",Design Exteriors Inc.,"Aurora,ON",Not available,Not specified,Not specified,Not specified,Not specified,https://ca.indeed.com/viewjob?jk=e440de4417de14ec&sid=cajb&kw=cajb,Not specified
accountant,N/A,"May 16, 2024",Elite building service,"Calgary,AB",Not available,Not specified,Not specified,Not specified,Not specified,https://ca.indeed.com/viewjob?jk=33701007bbdbdefa&sid=cajb&kw=cajb,Not specified
accountant,N/A,"May 16, 2024",Elite building service,"Montréal,QC",Not available,Not specified,Not specified,Not specified,Not specified,https://ca.indeed.com/viewjob?jk=c0f21bbb95c92518&sid=cajb&kw=cajb,Not specified
accountant,N/A,"May 16, 2024",Elite building service,"Edmonton,AB",Not available,Not specified,Not specified,Not specified,Not specified,https://ca.indeed.com/viewjob?jk=a9e2bbfaaab1e3c8&sid=cajb&kw=cajb,Not specified
accountant,N/A,"May 16, 2024",Elite building service,"Toronto,ON",Not available,Not specified,Not specified,Not specified,Not specified,https://ca.indeed.com/viewjob?jk=370043ed9ac06151&sid=cajb&kw=cajb,Not specified
accountant,N/A,"May 16, 2024",Elite building service,"Vancouver,BC",Not available,Not specified,Not specified,Not specified,Not specified,https://ca.indeed.com/viewjob?jk=3e2a5a27e71ab6a5&sid=cajb&kw=cajb,Not specified
accountant,N/A,"May 17, 2024",Black River Logistics ltd,"Rosser,MB",Not available,Not specified,Not specified,Not specified,Not specified,Not specified,2024-05-31
accountant,N/A,"May 21, 2024",Marjolaine Dion C.O. et RH,"Princeville,QC",Not available,Not specified,Not specified,Not specified,Not specified,Not specified,2024-06-20
accountant,Title posted on ZipRecruiter -Accounting & Online Store Specialist,"May 23, 2024",Ace Branding,"Markham,ON",Not available,Not specified,Not specified,Not specified,Not specified,https://www.ziprecruiter.com/k/t/AAKb3kuXn39ruQncCu_kUpGTDW9ISatMTI0sD1plDrjPtOuTJpsdyD-2Qv79gSivG_G9_kTKYB0aeOFchn9fNhJE7bWhA_oCivHTEsreA6HrwJsv8KQ7OPXMEdX_8njtNA_KHOv3DjuswcqS5FhsxJw7wQKAx8pn7HRRhvUonu3GBuUmV1On8pxweOkNiw9B_VuZIOEyrGh4G2j9JgnbHyJryWVcIBm-yyamut05e34Gm4uBXfxYjfWClOHE5FkNMJtu1LuuKyBfZqXkXi1fdAus0B6fhZs03X92YK5J6T67gsiGBNWD5OjUUnvp92E,2024-06-21
accountant,N/A,"May 08, 2024",13807622 CANADA INC,"Mont-Royal,QC",Not available,Not specified,Not specified,Not specified,Not specified,Not specified,2024-06-07
accountant,N/A,"May 15, 2024",DC Accounting Professional Corporation,"Waterloo,ON",Not available,Not specified,Not specified,Not specified,Not specified,https://ca.indeed.com/viewjob?jk=737160d75cf9c4ee&sid=cajb&kw=cajb,Not specified
accountant,N/A,"May 21, 2024",Munton & Michaelis CPA,"Lethbridge,AB",Not available,Not specified,Not specified,Not specified,Not specified,https://ca.indeed.com/viewjob?jk=5ef7478ac5a7f992&sid=cajb&kw=cajb,Not specified
accountant,Title posted on Jobillico -Fund Accountant,"May 10, 2024",Fed Finance,"Brossard,QC",Not available,Not specified,Not specified,Not specified,Not specified,https://www.jobillico.com/en/job-offer/fed-finance/fund-accountant/13776975?ji_visitsrc=136,2024-06-08
cook,N/A,"May 16, 2024",Mandarin Erin Mills,"Mississauga,ON",Not available,Not specified,Not specified,Not specified,Not specified,Not specified,2024-06-15
cook,N/A,"May 23, 2024",Home Delight Tiffin Ltd.,"Surrey,BC",Not available,Not specified,Not specified,Not specified,Not specified,Not specified,2024-06-22
cook,N/A,"May 23, 2024",Kun's Omakase Bar,"Richmond,BC",Not available,Not specified,Not specified,Not specified,Not specified,Not specified,2024-06-22
cook,N/A,"May 21, 2024",BOSTON GROUP SCOTT RD LTD,"Delta,BC",Not available,Not specified,Not specified,Not specified,Not specified,Not specified,2024-06-20
cook,N/A,"April 16, 2024",Kiss The Cook Catering Inc.,"2490 Kingston RdScarborough,ONM1N 1V3",Not available,Not specified,Not specified,Not specified,Not specified,Not specified,2024-06-12
cook,N/A,"May 23, 2024",Tobermory Princess Hotel,"34 Bay St.Tobermory,ONN0H 2R0",Not available,Not specified,Not specified,Not specified,Not specified,Not specified,2024-06-22
cook,N/A,"May 22, 2024",Osmow's,"3221 Derry Road WestMississauga,ONL5N 7L7",Not available,Not specified,Not specified,Not specified,Not specified,Not specified,2024-06-05
cook,N/A,"May 22, 2024",Osmow's,"120 clementine Dr.,Brampton,ONL6Y 0L8",Not available,Not specified,Not specified,Not specified,Not specified,Not specified,2024-06-21
cook,N/A,"May 21, 2024",Everest Spice Grill Inc.,"1103 G 18 Street SEHigh River,ABT1V 2A9",Not available,Not specified,Not specified,Not specified,Not specified,Not specified,2024-06-20
cook,N/A,"May 21, 2024",Carl's Jr.,"#102, 7 Balsam AvenueBragg Creek,ABT0L 0K0",Not available,Not specified,Not specified,Not specified,Not specified,Not specified,2024-06-04
first cook,N/A,"May 22, 2024",Glowbal Georgia Restaurant Ltd,"590 West Georgia StreetVancouver,BCV6B 2A3",Not available,Not specified,Not specified,Not specified,Not specified,Not specified,2024-06-21
cook,N/A,"May 13, 2024",BUSTERS PIZZA & DONAIR,"Drayton Valley,AB",Not available,Not specified,Not specified,Not specified,Not specified,Not specified,2024-06-12
cook,N/A,"May 23, 2024",Royal Paan Regina,"Regina,SK",Not available,Not specified,Not specified,Not specified,Not specified,Not specified,2024-06-06
cook,N/A,"May 23, 2024",648039 BC Ltd,"Vancouver,BC",Not available,Not specified,Not specified,Not specified,Not specified,Not specified,2024-06-22
cook,N/A,"May 21, 2024",Pho Hoan Pasteur Ltd,"Calgary,AB",Not available,Not specified,Not specified,Not specified,Not specified,Not specified,2024-06-20
cook,N/A,"May 23, 2024",Back Eddy Pub,"4332 Lakelse AveTerrace,BCV8G 1N8",Not available,Not specified,Not specified,Not specified,Not specified,Not specified,2024-06-22
cook,N/A,"May 13, 2024",Big Guys's Fried Chicken,"Lloydminster,AB",Not available,Not specified,Not specified,Not specified,Not specified,Not specified,2024-06-12
cook,N/A,"May 14, 2024",NATH MEAT,"Brampton,ON",Not available,Not specified,Not specified,Not specified,Not specified,Not specified,2024-06-13
cook,N/A,"May 22, 2024",Ryus Noodle Bar,"786 Broadview AvenueToronto,ONM4K 2P7",Not available,Not specified,Not specified,Not specified,Not specified,Not specified,2024-06-21
cook,N/A,"May 21, 2024",2641979 Ontario Inc,"Whitby,ON",Not available,Not specified,Not specified,Not specified,Not specified,Not specified,2024-06-20
cook,N/A,"May 16, 2024",5 Tara Pub and Restaurant,"Surrey,BC",Not available,Not specified,Not specified,Not specified,Not specified,Not specified,2024-06-15
cook,N/A,"May 21, 2024",Italian Kitchen,"860 Burrard StreetVancouver,BCV6Z 1X9",Not available,Not specified,Not specified,Not specified,Not specified,Not specified,2024-06-20
cook,N/A,"May 21, 2024",Northlands Foods Inc.,"#17F 6455 Macleod TR SWCalgary,ABT2H 0K3",Not available,Not specified,Not specified,Not specified,Not specified,Not specified,2024-06-20
cook,N/A,"May 21, 2024",1916903 Alberta Ltd. o/a Neighbourhood Pub,"834 68 St NECalgary,ABT2A 6X7",Not available,Not specified,Not specified,Not specified,Not specified,Not specified,2024-06-20
cook,N/A,"May 16, 2024",GOLDEN ELEPHANT VIETNAMESE&THAT CUISINE,"635 PEMBINA HWYWinnipeg,MB",Not available,Not specified,Not specified,Not specified,Not specified,Not specified,2024-06-15
data scientist,Title posted on Monster -Data Scientist - Chatbots AI training,"May 14, 2024",Proviso Consulting,"Toronto,ON",Not available,Not specified,Not specified,Not specified,Not specified,https://job-openings.monster.ca/data-scientist-–-chatbots-ai-training-toronto-on-ca-proviso-consulting/57158f25-d6f3-400d-804c-041a1188414d?mescoid=1500156001001,2024-06-22
data scientist,Title posted on Monster -Data Scientist   Engineer,"May 18, 2024",J.D. Power,"London,ON",Not available,Not specified,Not specified,Not specified,Not specified,https://job-openings.monster.ca/data-scientist-engineer-london-on-ca-j-d-power/69f218f5-8282-4f0e-b559-3118b96fa762?mescoid=1500156001001,2024-06-18
data scientist,"Title posted on Monster -Data Scientist, Data and Analytics Services, Data Science and Innovation - BC Centre for Disease Control","May 24, 2024",BC Centre for Disease Control (BCCDC),"Vancouver,BC",Not available,Not specified,Not specified,Not specified,Not specified,https://job-openings.monster.ca/data-scientist-data-analytics-services-data-science-innovation-bc-centre-for-disease-control-vancouver-bc-ca-bc-centre-for-disease-control-bccdc/881ebaae-8eb3-47b8-a40a-961f24020489?mescoid=1500156001001,2024-06-23
data scientist,N/A,"May 22, 2024",Tech Mahindra Limited,"Toronto,ON",Not available,Not specified,Not specified,Not specified,Not specified,https://job-openings.monster.ca/data-scientist-toronto-on-ca-tech-mahindra-limited/273753190?mescoid=1500156001001&mstr_dist=true,2024-06-22
data scientist,Title posted on Monster -Expert Data Scientist,"May 20, 2024",Canadian National Railway Company,"Montréal,QC",Not available,Not specified,Not specified,Not specified,Not specified,https://job-openings.monster.ca/expert-data-scientist-montreal-qc-ca-canadian-national-railway-company/c2c7dd6d-e121-428e-9ca6-a92e00cfcbd9?mescoid=4300761001001,2024-06-20
data scientist,Title posted on Monster -Senior Data Scientist - Replenishment Optimization,"April 26, 2024",Tiger Analytics,"Toronto,ON",Not available,Not specified,Not specified,Not specified,Not specified,https://job-openings.monster.ca/senior-data-scientist-replenishment-optimization-toronto-on-ca-tiger-analytics/ef0499bb-7a91-4557-887c-ff6070101665?mescoid=1500156001001,2024-05-27
data scientist,Title posted on Monster -Data Scientist - Delta One Strats (Hybrid),"May 18, 2024",Morgan Stanley,"Montréal,QC",Not available,Not specified,Not specified,Not specified,Not specified,https://job-openings.monster.ca/data-scientist-–-delta-one-strats-hybrid-montreal-qc-ca-morgan-stanley/b0565ae4-1a21-4eda-b206-84bf158d5b4f?mescoid=1500156001001,2024-06-18
data scientist,N/A,"May 16, 2024",Transformer Table,"Pointe-Claire,QC",Not available,Not specified,Not specified,Not specified,Not specified,https://ca.indeed.com/viewjob?jk=061d6cee54a54e02&sid=cajb&kw=cajb,Not specified
data scientist,N/A,"May 03, 2024",Abroadin Inc.,"Toronto,ON",Not available,Not specified,Not specified,Not specified,Not specified,Not specified,2024-06-16
data scientist,N/A,"March 20, 2024",ViewTrak Technologies Inc.,"10607 - 82 StreetEdmonton,ABT6A 3N2",Not available,Not specified,Not specified,Not specified,Not specified,Not specified,2024-06-12
data scientist,N/A,"March 14, 2024",Solution MS Technology Inc.,"5555 Calgary Trail NWEdmonton,ABT6H 5P9",Not available,Not specified,Not specified,Not specified,Not specified,Not specified,2024-06-04
data scientist,N/A,"April 18, 2024",Promateus Ltd,"421 - 7 Ave SWCalgary,ABT2P 4K9",Not available,Not specified,Not specified,Not specified,Not specified,Not specified,2024-06-16
data scientist,N/A,"February 27, 2024",YOCHANA IT SOLUTIONS INC,"12 ELLIOT STREETWindsor,ONN9A 1C2",Not available,Not specified,Not specified,Not specified,Not specified,Not specified,2024-06-12
data scientist,N/A,"March 05, 2024",2704989 ONTARIO INC,"Brampton,ON",Not available,Not specified,Not specified,Not specified,Not specified,Not specified,2024-06-12
data scientist,N/A,"March 27, 2024",Access Pacific Enterprises LTD.,"Richmond,BC",Not available,Not specified,Not specified,Not specified,Not specified,Not specified,2024-06-19
data scientist,N/A,"April 12, 2024",KONI AMERI TECH SERVICES CANADA INC.,"Etobicoke,ON",Not available,Not specified,Not specified,Not specified,Not specified,Not specified,2024-05-31
data scientist,Title posted on Monster -Data Scientist - Power BI,"May 10, 2024",Proviso Consulting,"Toronto,ON",Not available,Not specified,Not specified,Not specified,Not specified,https://job-openings.monster.ca/data-scientist-–-power-bi-toronto-on-ca-proviso-consulting/791589f1-e4fb-4221-bdb3-aabdeae18813?mescoid=1500156001001,2024-06-10
data scientist,N/A,"April 10, 2024",Satvika Consulting Services Ltd.,"Mississauga,ON",Not available,Not specified,Not specified,Not specified,Not specified,Not specified,2024-06-20
data scientist,N/A,"February 13, 2024",Tiger Analytics Inc.,"200 Bay St, North TowerToronto,ONM5J 2J2",Not available,Not specified,Not specified,Not specified,Not specified,Not specified,2024-06-08
data scientist,Title posted on Monster -Data Scientist - Adobe,"May 07, 2024",Proviso Consulting,"Toronto,ON",Not available,Not specified,Not specified,Not specified,Not specified,https://job-openings.monster.ca/data-scientist-–-adobe-toronto-on-ca-proviso-consulting/cd4a6de5-bf0d-4fe9-bb5f-fcea126fece1?mescoid=1500156001001,2024-06-07
data scientist,Title posted on Monster -Scientifique de données Senior - Senior Data scientist,"May 16, 2024",Humanify,"Montréal,QC",Not available,Not specified,Not specified,Not specified,Not specified,https://job-openings.monster.ca/scientifique-de-données-senior-senior-data-scientist-montréal-qc-ca-humanify/a3c25191-1997-49b2-a8c8-fe182a1bcfa9?mescoid=1500156001001,2024-06-16
data scientist,"Title posted on indeed.com -Scientifique sénior, Données - Senior Data Scientist","May 10, 2024",Aramis Biotechnologies,Not specified,Not available,Not specified,Not specified,Not specified,Not specified,https://ca.indeed.com/viewjob?jk=0148ef918c97ed66&sid=cajb&kw=cajb,Not specified
data scientist,N/A,"February 13, 2024","Keysight Technologies Canada, Inc","210-127 Glasgow StreetKitchener,ONN2G 2G9",Not available,Not specified,Not specified,Not specified,Not specified,Not specified,2024-06-05
data scientist,Title posted on Monster -Data Scientist for Biomedical Signals,"April 26, 2024",Myant Corp.,"Mississauga,ON",Not available,Not specified,Not specified,Not specified,Not specified,https://job-openings.monster.ca/data-scientist-for-biomedical-signals-mississauga-on-ca-myant-corp/9d1a11ef-35c2-468b-aff1-8f4a45131ca1?mescoid=1500156001001,2024-05-27
graphic designer,N/A,"May 10, 2024",LABEL PLUS GRAPHIC INC.,"Mississauga,ON",Not available,Not specified,Not specified,Not specified,Not specified,Not specified,2024-06-09
graphic designer,N/A,"May 13, 2024",Drishti Media Group Ltd.,"Surrey,BC",Not available,Not specified,Not specified,Not specified,Not specified,Not specified,2024-06-12
graphic designer,N/A,"May 21, 2024",CAN TECH WORLD,"2618 Hopewell Place NECalgary,ABT1Y 7J7",Not available,Not specified,Not specified,Not specified,Not specified,Not specified,2024-06-20
graphic designer,N/A,"May 17, 2024",Media Monkey Studios Inc,"Surrey,BC",Not available,Not specified,Not specified,Not specified,Not specified,Not specified,2024-06-16
graphic designer,N/A,"May 23, 2024",Trident X Ltd.,"Brandon,MB",Not available,Not specified,Not specified,Not specified,Not specified,Not specified,2024-06-22
graphic designer,N/A,"May 10, 2024",Meta Connections Inc.,"Chilliwack,BC",Not available,Not specified,Not specified,Not specified,Not specified,Not specified,2024-06-09
graphic designer,N/A,"May 18, 2024",JYSK Canada,"Coquitlam,BC",Not available,Not specified,Not specified,Not specified,Not specified,https://job-openings.monster.ca/graphic-designer-coquitlam-bc-ca-jysk-canada/49719817-7bbd-412f-9170-7f625598a1b9?mescoid=2700410001001,2024-06-18
graphic designer,N/A,"May 22, 2024","Mid-West Sportswear, Workwear & Safety Ltd.","Saskatoon,SK",Not available,Not specified,Not specified,Not specified,Not specified,http://www.saskjobs.ca/jsp/joborder/detail.jsp?job_order_id=1352963,2024-06-22
graphic designer,N/A,"May 23, 2024",Galaxy Kitchen Cabinets (Surrey) Ltd.,"Surrey,BC",Not available,Not specified,Not specified,Not specified,Not specified,Not specified,2024-06-22
graphic designer,N/A,"May 13, 2024",Arora Comfortechs Limited,"Vancouver,BC",Not available,Not specified,Not specified,Not specified,Not specified,Not specified,2024-06-20
graphic designer,N/A,"May 21, 2024",Libratel inc,"North York,ON",Not available,Not specified,Not specified,Not specified,Not specified,https://ca.indeed.com/viewjob?jk=fbb3cac821b4e132&sid=cajb&kw=cajb,Not specified
graphic designer,N/A,"May 23, 2024",PORTOFTRUST GLOBAL LTD,"Sherwood Park,AB",Not available,Not specified,Not specified,Not specified,Not specified,Not specified,2024-06-22
graphic designer,N/A,"May 16, 2024",Gamapa Solutions Inc.,"8652 Joffre AveBurnaby,BCV5J 3L5",Not available,Not specified,Not specified,Not specified,Not specified,Not specified,2024-06-15
graphic designer,N/A,"May 16, 2024",MMS Rubiverse Consulting Ltd,"Calgary,AB",Not available,Not specified,Not specified,Not specified,Not specified,Not specified,2024-06-15
graphic designer,N/A,"May 09, 2024",Natural immix Health Ltd.,"1368 Kingsway Ave.Port Coquitlam,BCV3C 6P4",Not available,Not specified,Not specified,Not specified,Not specified,Not specified,2024-06-08
graphic designer,N/A,"May 06, 2024",The Yellow Chili,"Delta,BC",Not available,Not specified,Not specified,Not specified,Not specified,Not specified,2024-06-03
graphic designer,N/A,"May 03, 2024",DIGI APP LABS INC.,"3770 Westwinds Drive NE suite 328Calgary,ABT3J 5H3",Not available,Not specified,Not specified,Not specified,Not specified,Not specified,2024-06-02
graphic designer,N/A,"May 13, 2024",Sagar signs & printing LTD,"Calgary,AB",Not available,Not specified,Not specified,Not specified,Not specified,Not specified,2024-06-16
graphic designer,N/A,"May 14, 2024",Abbotsford Sign Services Ltd.,"3303, Atwater Cres.Abbotsford,BCV2T 4L9",Not available,Not specified,Not specified,Not specified,Not specified,Not specified,2024-06-13
graphic designer,Title posted on Monster -Senior Graphic Designer,"May 14, 2024",Fengate Asset Management,"Toronto,ON",Not available,Not specified,Not specified,Not specified,Not specified,https://job-openings.monster.ca/senior-graphic-designer-toronto-on-ca-fengate-asset-management/70fb87ff-2538-4e34-ab87-65dfda53c38a?mescoid=2700410001001,2024-06-14
graphic designer,N/A,"April 09, 2024",W - Squared Holdings Ltd.,"5844 Glover RdLangley,BCV3A 4H9",Not available,Not specified,Not specified,Not specified,Not specified,Not specified,2024-06-07
graphic designer,N/A,"May 06, 2024",Team Akio,"Montréal,QC",Not available,Not specified,Not specified,Not specified,Not specified,https://ca.indeed.com/viewjob?jk=d366134cc1a41752&sid=cajb&kw=cajb,Not specified
graphic designer,N/A,"April 28, 2024",SIGNSPLUSCNC LTD,"3320 14 ave neCalgary,ABT2A 6J4",Not available,Not specified,Not specified,Not specified,Not specified,Not specified,2024-05-28
graphic designer,N/A,"February 07, 2024",Original Enterprise Ltd,"2162 KingswayBurnaby,BCV5J 4M3",Not available,Not specified,Not specified,Not specified,Not specified,Not specified,2024-06-06
graphic designer,N/A,"February 23, 2024",14944836 Canada Inc,"Calgary,AB",Not available,Not specified,Not specified,Not specified,Not specified,Not specified,2024-06-03
mechanical engineer,Title posted on Monster -Senior Mechanical Engineer (Products),"May 15, 2024","Garmin International, Inc.","Cochrane,AB",Not available,Not specified,Not specified,Not specified,Not specified,https://job-openings.monster.ca/senior-mechanical-engineer-products-cochrane-ab-ca-garmin-international-inc/bbd59152-b06b-4738-8c26-d1a08fe3af6f?mescoid=1700184001001,2024-06-15
mechanical engineer,N/A,"May 22, 2024",Tatham Engineering,"Collingwood,ON",Not available,Not specified,Not specified,Not specified,Not specified,https://ca.indeed.com/viewjob?jk=d1ee464c67b176be&sid=cajb&kw=cajb,Not specified
mechanical engineer,N/A,"May 22, 2024",Tatham Engineering,"Guelph,ON",Not available,Not specified,Not specified,Not specified,Not specified,https://ca.indeed.com/viewjob?jk=1892c625d01991ab&sid=cajb&kw=cajb,Not specified
mechanical engineering lead,N/A,"May 23, 2024",Hydro Tech Inc.,"Sault Ste. Marie,ON",Not available,Not specified,Not specified,Not specified,Not specified,Not specified,2024-06-06
mechanical engineer,N/A,"May 17, 2024",StreamGo Water Solutions Inc,"Thorold,ON",Not available,Not specified,Not specified,Not specified,Not specified,https://ca.indeed.com/viewjob?jk=d56473477b78bc4e&sid=cajb&kw=cajb,Not specified
mechanical engineer,N/A,"May 06, 2024",Open People Network,"Elora,ON",Not available,Not specified,Not specified,Not specified,Not specified,https://ca.indeed.com/viewjob?jk=e1842a82f894339b&sid=cajb&kw=cajb,Not specified
mechanical design engineer,N/A,"May 21, 2024",Siri InfoSolutions Inc,Not specified,Not available,Not specified,Not specified,Not specified,Not specified,https://ca.indeed.com/viewjob?jk=b56796625c42c7f6&sid=cajb&kw=cajb,Not specified
"mechanical engineer, projects",N/A,"May 15, 2024",Grey Owl Engineering Ltd,"715 5th AveCalgary,AB",Not available,Not specified,Not specified,Not specified,Not specified,Not specified,2024-06-14
design engineer - mechanical,Title posted on Jobillico -ASME Standards Mechanical Design Engineer,"May 14, 2024",Fed Manutech,"Lavaltrie,QC",Not available,Not specified,Not specified,Not specified,Not specified,https://www.jobillico.com/en/job-offer/fed-manutech/asme-standards-mechanical-design-engineer/13803840?ji_visitsrc=136,2024-06-12
mechanical engineer,N/A,"May 06, 2024","Acuren Inspection, Inc.","Fort McMurray,AB",Not available,Not specified,Not specified,Not specified,Not specified,https://job-openings.monster.ca/mechanical-engineer-fort-mcmurray-ab-ca-acuren-inspection-inc/31832259-57bd-40b7-8c83-89304ae883ea?mescoid=1700184001001,2024-06-06
mechanical engineer,N/A,"May 06, 2024",Tacten Industrial Inc,"Fort McMurray,AB",Not available,Not specified,Not specified,Not specified,Not specified,https://job-openings.monster.ca/mechanical-engineer-fort-mcmurray-ab-ca-tacten-industrial-inc/eb4906fe-2c69-4eb4-ae9d-2910f844e933?mescoid=1700184001001,2024-06-06
mechanical engineer,Title posted on Jobboom -Mechanical Design and Project Engineer,"May 23, 2024",PyroGenèse Canada Inc.,"Montréal,QC",Not available,Not specified,Not specified,Not specified,Not specified,https://www.jobboom.com/en/job-offer/mechanical-design-and-project-engineer_pyrogenesis-canada-inc_p3251609,2024-06-21
mechanical engineer,Title posted on CareerBeacon -Mechanical Engineering Student - Fall,"May 17, 2024",Vale Canada,"Long Harbour-Mount Arlington Heights,NL",Not available,Not specified,Not specified,Not specified,Not specified,https://www.careerbeacon.com/en/job/2053023/vale-canada/mechanical-engineering-student-fall-2024/long-harbour-mount-arlington-heights?utm_campaign=feeds&utm_source=jobbank&utm_medium=Careerbeacon,2024-06-16
mechanical engineer,N/A,"May 16, 2024",Nova Scotia Healthcare Infrastructure Division,"Halifax,NS",Not available,Not specified,Not specified,Not specified,Not specified,https://www.careerbeacon.com/en/job/2052872/nova-scotia-healthcare-infrastructure-division/mechanical-engineer/halifax?utm_campaign=feeds&utm_source=jobbank&utm_medium=Careerbeacon,2024-06-15
mechanical engineer,N/A,"May 10, 2024",Star Employment,"Bolton,ON",Not available,Not specified,Not specified,Not specified,Not specified,https://www.ziprecruiter.com/k/t/AAJATrnRgdgsSi8UCrKjsVGi1Pi8lVz01t-vIByBG4MKnIjDjyKpdUp8LJV2K-0OmwgdkDWUTRLkbRo9dId4zCAMiFVqVxPI7Z8Eo8pDlMPx9dBZGN2EuIlj0dG-DpYEdpZwyDIFBhTRanIWbyW8wGQG-vSl0QdYYNtxhgdoU0qOVKVA2deUYOt_6ECa-r1gIk1nhjUayUEuqEkVVVXOPHmpA057gNtQZSzX6E9LKVnRkcLOFHcOfDfdp5dd49Bw1uA_Gcx1PI6yiSzNTpQxdfIbGcX23Xa9FT5fYPJqPiS4FQ,2024-06-08
mechanical engineer,N/A,"May 15, 2024",Vtek Consultants Inc.,"Edmonton,AB",Not available,Not specified,Not specified,Not specified,Not specified,https://ca.indeed.com/viewjob?jk=9e68874a081fa526&sid=cajb&kw=cajb,Not specified
mechanical engineer,N/A,"May 15, 2024",Vtek Consultants Inc.,"Burnaby,BC",Not available,Not specified,Not specified,Not specified,Not specified,https://ca.indeed.com/viewjob?jk=b641766fe1baa35b&sid=cajb&kw=cajb,Not specified
mechanical engineer,N/A,"May 07, 2024",Racar Canada Inc.,"Windsor,ON",Not available,Not specified,Not specified,Not specified,Not specified,Not specified,2024-06-06
mechanical engineer,Title posted on Monster -Building Mechanical Engineer,"May 02, 2024",Premier Staffing Solution,"Windsor,ON",Not available,Not specified,Not specified,Not specified,Not specified,https://job-openings.monster.ca/building-mechanical-engineer-windsor-on-ca-premier-staffing-solution/ec0458cc-a33f-4e4a-ab74-b2075708a99c?mescoid=1700184001001,2024-06-02
mechanical engineer,N/A,"May 10, 2024",Vtek Consultants Inc.,"Saint John,NB",Not available,Not specified,Not specified,Not specified,Not specified,https://ca.indeed.com/viewjob?jk=cae9dac228072f69&sid=cajb&kw=cajb,Not specified
mechanical engineer,Title posted on Monster -Mechanical Engineer II,"May 15, 2024",Merrick & Company,"Kanata,ON",Not available,Not specified,Not specified,Not specified,Not specified,https://job-openings.monster.ca/mechanical-engineer-ii-kanata-on-ca-merrick-company/79baebf4-4cd2-41a1-a260-3639ec9fc7d8?mescoid=1700184001001,2024-06-15
mechanical engineer,Title posted on indeed.com -Mechanical Engineer (PEng),"May 17, 2024",Local Engineering,"Sherwood Park,AB",Not available,Not specified,Not specified,Not specified,Not specified,https://ca.indeed.com/viewjob?jk=fd779f961c0f3ef6&sid=cajb&kw=cajb,Not specified
mechanical engineer,Title posted on indeed.com -Mechanical Engineer - Edmonton,"May 06, 2024",REEL COH Inc.,"Edmonton,AB",Not available,Not specified,Not specified,Not specified,Not specified,https://ca.indeed.com/viewjob?jk=1591bc4b88959056&sid=cajb&kw=cajb,Not specified
mechanical engineer,Title posted on Monster -Mechanical Engineer III,"May 15, 2024",Merrick & Company,"Kanata,ON",Not available,Not specified,Not specified,Not specified,Not specified,https://job-openings.monster.ca/mechanical-engineer-iii-kanata-on-ca-merrick-company/7bfc78f8-f6a2-49b4-9840-a9fef62c5db3?mescoid=1700184001001,2024-06-15
mechanical engineer,N/A,"May 03, 2024",Moon-Matz Ltd.,"Oakville,ON",Not available,Not specified,Not specified,Not specified,Not specified,Not specified,2024-06-02
nurse,N/A,"May 22, 2024",Centre intégré universitaire de santé et services sociaux de l'Estrie - Centre hospitalier universitaire de Sherbrooke,"Granby,QC",Not available,Not specified,Not specified,Not specified,Not specified,Not specified,2024-06-05
nurse,N/A,"May 23, 2024",Best Care,"Stratford,ON",Not available,Not specified,Not specified,Not specified,Not specified,Not specified,2024-06-06
nurse,N/A,"May 23, 2024",Best Care,"Hamilton,ON",Not available,Not specified,Not specified,Not specified,Not specified,Not specified,2024-06-06
nurse,N/A,"May 17, 2024",Saskatchewan Health Authority,"Weyburn,SK",Not available,Not specified,Not specified,Not specified,Not specified,http://www.saskjobs.ca/jsp/joborder/detail.jsp?job_order_id=1351748,2024-05-26
head nurse,N/A,"May 13, 2024",Pro Vita Care Management,"Coquitlam,BC",Not available,Not specified,Not specified,Not specified,Not specified,Not specified,2024-06-12
nurse,Title posted on Jobillico -Registered Nurse,"May 07, 2024",Prescott-Russell,"Hawkesbury,ON",Not available,Not specified,Not specified,Not specified,Not specified,https://www.jobillico.com/en/job-offer/prescott-russell.mVraTu/registered-nurse/13056513?ji_visitsrc=136,2024-06-05
nurse,N/A,"May 13, 2024",Hope's Home Incorporated,"Saskatoon,SK",Not available,Not specified,Not specified,Not specified,Not specified,http://www.saskjobs.ca/jsp/joborder/detail.jsp?job_order_id=1349951,2024-06-10
nurse,N/A,"May 22, 2024",Saskatchewan Health Authority,"Saskatoon,SK",Not available,Not specified,Not specified,Not specified,Not specified,http://www.saskjobs.ca/jsp/joborder/detail.jsp?job_order_id=1352822,2024-05-31
nurse,N/A,"May 22, 2024",Saskatchewan Health Authority,"Saskatoon,SK",Not available,Not specified,Not specified,Not specified,Not specified,http://www.saskjobs.ca/jsp/joborder/detail.jsp?job_order_id=1352770,2024-05-31
nurse,N/A,"May 22, 2024",Saskatchewan Health Authority,"Saskatoon,SK",Not available,Not specified,Not specified,Not specified,Not specified,http://www.saskjobs.ca/jsp/joborder/detail.jsp?job_order_id=1352923,2024-05-31
nurse,N/A,"May 14, 2024",Hope's Home Incorporated,"Prince Albert,SK",Not available,Not specified,Not specified,Not specified,Not specified,http://www.saskjobs.ca/jsp/joborder/detail.jsp?job_order_id=1350163,2024-05-28
nurse,N/A,"May 17, 2024",Saskatchewan Health Authority,"Swift Current,SK",Not available,Not specified,Not specified,Not specified,Not specified,http://www.saskjobs.ca/jsp/joborder/detail.jsp?job_order_id=1351881,2024-05-26
nurse,N/A,"May 21, 2024",Hope's Home Incorporated,"Prince Albert,SK",Not available,Not specified,Not specified,Not specified,Not specified,http://www.saskjobs.ca/jsp/joborder/detail.jsp?job_order_id=1325979,2024-06-04
nurse,N/A,"May 13, 2024",Hope's Home Incorporated,"Prince Albert,SK",Not available,Not specified,Not specified,Not specified,Not specified,http://www.saskjobs.ca/jsp/joborder/detail.jsp?job_order_id=1313138,2024-05-27
nurse,N/A,"May 10, 2024",Axiom Health Inc,"Kelowna,BC",Not available,Not specified,Not specified,Not specified,Not specified,Not specified,2024-05-30
registered nurse (R.N.),N/A,"May 22, 2024",Qualicum Quality Care Services Ltd,"Qualicum Beach,BC",Not available,Not specified,Not specified,Not specified,Not specified,Not specified,2024-06-21
nurse practitioner,N/A,"May 23, 2024",Kingston Family Health Team,"Kingston,ON",Not available,Not specified,Not specified,Not specified,Not specified,https://ca.indeed.com/viewjob?jk=2698589d24483acc&sid=cajb&kw=cajb,Not specified
nurse,N/A,"May 23, 2024",Saskatchewan Health Authority,"Saskatoon,SK",Not available,Not specified,Not specified,Not specified,Not specified,http://www.saskjobs.ca/jsp/joborder/detail.jsp?job_order_id=1353268,2024-06-01
nurse,N/A,"May 23, 2024",Saskatchewan Health Authority,"Saskatoon,SK",Not available,Not specified,Not specified,Not specified,Not specified,http://www.saskjobs.ca/jsp/joborder/detail.jsp?job_order_id=1353348,2024-06-01
nurse,N/A,"May 23, 2024",Saskatchewan Health Authority,"Saskatoon,SK",Not available,Not specified,Not specified,Not specified,Not specified,http://www.saskjobs.ca/jsp/joborder/detail.jsp?job_order_id=1353267,2024-06-01
nurse,N/A,"May 23, 2024",Saskatchewan Health Authority,"Melville,SK",Not available,Not specified,Not specified,Not specified,Not specified,http://www.saskjobs.ca/jsp/joborder/detail.jsp?job_order_id=1353311,2024-06-01
nurse,N/A,"May 23, 2024",Saskatchewan Health Authority,"Saskatoon,SK",Not available,Not specified,Not specified,Not specified,Not specified,http://www.saskjobs.ca/jsp/joborder/detail.jsp?job_order_id=1353234,2024-06-01
nurse,N/A,"May 22, 2024",Saskatchewan Health Authority,"Saskatoon,SK",Not available,Not specified,Not specified,Not specified,Not specified,http://www.saskjobs.ca/jsp/joborder/detail.jsp?job_order_id=1352755,2024-05-31
nurse,N/A,"May 22, 2024",Saskatchewan Health Authority,"Saskatoon,SK",Not available,Not specified,Not specified,Not specified,Not specified,http://www.saskjobs.ca/jsp/joborder/detail.jsp?job_order_id=1352771,2024-05-31
nurse,N/A,"May 22, 2024",Saskatchewan Health Authority,"Saskatoon,SK",Not available,Not specified,Not specified,Not specified,Not specified,http://www.saskjobs.ca/jsp/joborder/detail.jsp?job_order_id=1352836,2024-05-31
software engineer,Title posted on Monster -Principal Lead Software Engineer - Automotive Camera Driver Technology,"May 15, 2024",Qualcomm,"Markham,ON",Not available,Not specified,Not specified,Not specified,Not specified,https://job-openings.monster.ca/principal-lead-software-engineer-automotive-camera-driver-technology-markham-on-ca-qualcomm/437da741-1d57-4591-94b9-c76ff05053fc?mescoid=1500127001001,2024-06-15
software engineer,Title posted on Monster -Senior Software Engineer,"May 23, 2024",recruitometry,"Waterloo,ON",Not available,Not specified,Not specified,Not specified,Not specified,https://job-openings.monster.ca/senior-software-engineer-waterloo-on-ca-recruitometry/d37a9d65-895f-43c5-9154-05c403343e41?mescoid=1500127001001,2024-06-23
software engineer,Title posted on Monster -Full Stack Software Engineer - Med-Tech,"May 06, 2024",TM8,"Vancouver,BC",Not available,Not specified,Not specified,Not specified,Not specified,https://job-openings.monster.ca/full-stack-software-engineer-med-tech-vancouver-bc-ca-tm8/541e7ec9-5e53-4a28-9b7b-f268b73d2163?mescoid=1500127001001,2024-06-06
software engineer,N/A,"May 15, 2024","Garmin International, Inc.","Cochrane,AB",Not available,Not specified,Not specified,Not specified,Not specified,https://job-openings.monster.ca/software-engineer-cochrane-ab-ca-garmin-international-inc/2cfe9d2e-f10f-4264-94d9-e699e577cfd5?mescoid=1500127001001,2024-06-15
software engineer,Title posted on Monster -DevOps Engineer,"May 22, 2024",Koii Network,"Halifax,NS",Not available,Not specified,Not specified,Not specified,Not specified,https://job-openings.monster.ca/devops-engineer-halifax-ns-ca-koii-network/ebd2eaf7-3abd-493f-aaa9-0ddcedb3208f?mescoid=1500131001001,2024-06-22
software engineer,"Title posted on Monster -Display Software Engineer, Staff","May 16, 2024",Qualcomm,"Markham,ON",Not available,Not specified,Not specified,Not specified,Not specified,https://job-openings.monster.ca/display-software-engineer-staff-markham-on-ca-qualcomm/cd9c23b8-a156-46c4-9ebe-5066a4a4e452?mescoid=1500127001001,2024-06-16
software engineer,Title posted on Monster -OpenGL SC2 Software Engineer,"May 22, 2024",ORS Partners,"Waterloo,ON",Not available,Not specified,Not specified,Not specified,Not specified,https://job-openings.monster.ca/opengl-sc2-software-engineer-waterloo-on-ca-ors-partners/d481723b-251e-4643-b202-231815f14473?mescoid=1500127001001,2024-06-22
software engineer,Title posted on Monster -OpenGL SC2 Software Engineer,"May 21, 2024",ORS Partners,"Waterloo,ON",Not available,Not specified,Not specified,Not specified,Not specified,https://job-openings.monster.ca/opengl-sc2-software-engineer-waterloo-on-ca-ors-partners/3ed3c59b-7347-4ab2-963a-50cdc14a2e95?mescoid=1500127001001,2024-06-21
software engineer,"Title posted on Monster -Staff Software Engineer, Automotive Computer Vision","April 30, 2024",Qualcomm,"Markham,ON",Not available,Not specified,Not specified,Not specified,Not specified,https://job-openings.monster.ca/staff-software-engineer-automotive-computer-vision-markham-on-ca-qualcomm/a52c67b3-806e-4ffa-b71b-52e007fd1ff9?mescoid=1500127001001,2024-05-31
software engineer,Title posted on Monster -Algorithm Software Engineer,"May 15, 2024","Garmin International, Inc.","Cochrane,AB",Not available,Not specified,Not specified,Not specified,Not specified,https://job-openings.monster.ca/algorithm-software-engineer-cochrane-ab-ca-garmin-international-inc/dbe22afc-15ae-4c6f-858f-460932a647bb?mescoid=1500127001001,2024-06-15
software engineer,Title posted on Monster -Senior DevOps Engineer,"May 14, 2024",The Select Group,"Toronto,ON",Not available,Not specified,Not specified,Not specified,Not specified,https://job-openings.monster.ca/senior-devops-engineer-toronto-on-ca-the-select-group/273427269?mescoid=1500131001001&mstr_dist=true,2024-06-14
software engineer,Title posted on Monster -DevOps Engineer (Onsite),"May 04, 2024",NTT DATA,"Halifax,NS",Not available,Not specified,Not specified,Not specified,Not specified,https://job-openings.monster.ca/devops-engineer-onsite-halifax-ns-ca-ntt-data/6cb59995-fa55-4ea6-a0d8-acaf7dec3e5a?mescoid=1500131001001,2024-06-04
"engineer, software",N/A,"February 23, 2024",Explorer Group Canada Ltd.,"Edmonton,AB",Not available,Not specified,Not specified,Not specified,Not specified,Not specified,2024-06-21
software engineer,N/A,"March 12, 2024",CentML Inc.,"22 Adelaide St West suite 2070Toronto,ONM5H 4E3",Not available,Not specified,Not specified,Not specified,Not specified,Not specified,2024-06-09
software engineer,Title posted on Monster -Senior Software Engineer (Backend Data),"May 21, 2024",FATHOM,"Toronto,ON",Not available,Not specified,Not specified,Not specified,Not specified,https://job-openings.monster.ca/senior-software-engineer-backend-data-toronto-on-ca-fathom/f080ffde-d885-426f-864a-082542ff6299?mescoid=1500128001001,2024-06-21
software engineer,Title posted on Monster -Senior Software Engineer (Infrastructure),"May 21, 2024",FATHOM,"Toronto,ON",Not available,Not specified,Not specified,Not specified,Not specified,https://job-openings.monster.ca/senior-software-engineer-infrastructure-toronto-on-ca-fathom/e96c10e2-e4ac-48b0-b2be-3fbbb482c741?mescoid=1500127001001,2024-06-21
software engineer,"Title posted on Monster -Senior Software Engineer, .NET (Line 2)","May 15, 2024",J2 cloud services,"Montréal,QC",Not available,Not specified,Not specified,Not specified,Not specified,https://job-openings.monster.ca/senior-software-engineer-net-line-2-montreal-qc-ca-j2-cloud-services/8fe44785-3101-49bc-9d3e-3e2d609e2e85?mescoid=1500127001001,2024-06-15
software engineer,Title posted on Monster -Software Engineer - Senior Frontend Engineer,"May 09, 2024",Capgemini,"Toronto,ON",Not available,Not specified,Not specified,Not specified,Not specified,https://job-openings.monster.ca/software-engineer-senior-frontend-engineer-toronto-on-ca-capgemini/5265a6d2-a9e3-42cf-845d-cf8f4226d320?mescoid=1500127001001,2024-06-09
software engineer,"Title posted on Monster -Sr. Android Software Engineer, Mobile Applications","May 22, 2024",Rivian,"Vancouver,BC",Not available,Not specified,Not specified,Not specified,Not specified,https://job-openings.monster.ca/sr-android-software-engineer-mobile-applications-vancouver-bc-ca-rivian/9e47b7b6-0bb1-4634-9c21-9364bd425752?mescoid=1500127001001,2024-06-22
software engineer,Title posted on Monster -Senior Software Engineer,"May 02, 2024",J.D. Power,"London,ON",Not available,Not specified,Not specified,Not specified,Not specified,https://job-openings.monster.ca/senior-software-engineer-london-on-ca-j-d-power/0d684676-5f87-4edb-9292-22eae88b3c4a?mescoid=1500127001001,2024-06-02
software engineer,Title posted on Monster -Power Systems Software Engineer (Electrical),"May 06, 2024",Powertech Labs,"Surrey,BC",Not available,Not specified,Not specified,Not specified,Not specified,https://job-openings.monster.ca/power-systems-software-engineer-electrical-surrey-bc-ca-powertech-labs/3a7c1264-1dd8-4da5-bc22-721a03862f83?mescoid=1500128001001,2024-06-06
software engineer,Title posted on Monster -Software Engineer Senior,"May 18, 2024",Alpha Consulting Corp,"Waterloo,ON",Not available,Not specified,Not specified,Not specified,Not specified,https://job-openings.monster.ca/software-engineer-senior-waterloo-on-ca-alpha-consulting-corp/3fca154a-8e63-42fa-acb5-b6ff5994e974?mescoid=1500127001001,2024-06-18
software engineer,Title posted on Monster -Software Engineer - Distributed Systems Engineer,"May 16, 2024",Capgemini,"Vancouver,BC",Not available,Not specified,Not specified,Not specified,Not specified,https://job-openings.monster.ca/software-engineer-distributed-systems-engineer-vancouver-bc-ca-capgemini/2163008e-927b-4e18-bcb8-e76cd621504f?mescoid=1500128001001,2024-06-16
software engineer,Title posted on Monster -DevOps Engineer,"May 06, 2024",NR Consulting LLC,"Ottawa,ON",Not available,Not specified,Not specified,Not specified,Not specified,https://job-openings.monster.ca/devops-engineer-ottawa-on-ca-nr-consulting-llc/6ffcb60d-118e-44fe-8e49-d5879168ac30?mescoid=1500131001001,2024-06-06
software engineer,Title posted on Monster -Software Engineer - Distributed Systems Engineer,"May 16, 2024",Capgemini Engineering,"Vancouver,BC",Not available,Not specified,Not specified,Not specified,Not specified,https://job-openings.monster.ca/software-engineer-distributed-systems-engineer-vancouver-bc-ca-capgemini-engineering/273541188?mescoid=1500128001001&mstr_dist=true,2024-06-16
teacher's assistant,N/A,"May 21, 2024",VOART Centre d'exposition de Val-d'Or,"600, 7e RueVal-d'Or,QCJ9P 3P3",Not available,Not specified,Not specified,Not specified,Not specified,Not specified,2024-06-04
"teacher, kindergarten",Title posted on ApplyToEducation -Kindergarten Teacher ? 1.0 FTE Temporary position (Maternity Leave),"May 22, 2024",Pacific Academy,"Surrey,BC",Not available,Not specified,Not specified,Not specified,Not specified,https://network.applytoeducation.com/Applicant/jobposting/jobdetails.aspx?JOB_POSTING_ID=4da33e44-4c22-4952-b6f8-76f8ee8f54cd&amp;PAGE=1&amp;locale=en&amp;maf=0,2024-07-21
"teacher, kindergarten",Title posted on ApplyToEducation -Associate Teacher - Kindergarten,"May 16, 2024",Mulgrave School,"West Vancouver,BC",Not available,Not specified,Not specified,Not specified,Not specified,https://network.applytoeducation.com/Applicant/jobposting/jobdetails.aspx?JOB_POSTING_ID=39f168cd-6d74-443c-9279-9ff04b52e0d6&amp;PAGE=1&amp;locale=en&amp;maf=0,2024-07-15
kindergarten teacher,Title posted on Jobillico -Resource Teacher,"May 14, 2024",Manitoba Catholic Schools,"Winnipeg,MB",Not available,Not specified,Not specified,Not specified,Not specified,https://www.jobillico.com/en/job-offer/manitoba-catholic-schools/resource-teacher/13798974?ji_visitsrc=136,2024-06-12
teacher's assistant,N/A,"February 20, 2024",Kumon - Brandon,"Brandon,MB",Not available,Not specified,Not specified,Not specified,Not specified,Not specified,2024-06-05
teacher's assistant,N/A,"January 29, 2024",Three Fishes Christian Elementary School,"Scarborough,ON",Not available,Not specified,Not specified,Not specified,Not specified,Not specified,2024-05-27
elementary school teacher,Title posted on ApplyToEducation -Elementary PHE Teacher,"May 18, 2024",Vancouver Christian School,"Vancouver,BC",Not available,Not specified,Not specified,Not specified,Not specified,https://network.applytoeducation.com/Applicant/jobposting/jobdetails.aspx?JOB_POSTING_ID=6e36271c-691f-402a-b47b-e08b6d9956f1&amp;PAGE=1&amp;locale=en&amp;maf=0,2024-07-17
"teacher, kindergarten",Title posted on ApplyToEducation -Full Time Interim Kindergarten Teacher,"May 17, 2024",Evergreen Catholic Separate School Division,"Spruce Grove,AB",Not available,Not specified,Not specified,Not specified,Not specified,https://network.applytoeducation.com/Applicant/jobposting/jobdetails.aspx?JOB_POSTING_ID=edcec764-fa66-4cce-9095-19b75630fdfb&amp;PAGE=1&amp;locale=en&amp;maf=0,2024-07-16
kindergarten teacher,Title posted on Jobillico -Teacher of the Blind or Visually Impaired T-,"May 14, 2024",School District #27 (Cariboo-Chilcotin),"Williams Lake,BC",Not available,Not specified,Not specified,Not specified,Not specified,https://www.jobillico.com/en/job-offer/school-district-27-cariboo-chilcotin/teacher-of-the-blind-or-visually-impaired-t2024-0062/13800036?ji_visitsrc=136,2024-06-12
"teacher, kindergarten",Title posted on ApplyToEducation -Elementary - Long Term Occasional - Arklan PS - 1.0 FTE - FR - Kindergarten,"May 15, 2024",Upper Canada District School Board,"Carleton Place,ON",Not available,Not specified,Not specified,Not specified,Not specified,https://network.applytoeducation.com/Applicant/jobposting/jobdetails.aspx?JOB_POSTING_ID=e716498c-9330-439e-8ee1-5749f8bfa02a&amp;PAGE=1&amp;locale=en&amp;maf=0,2024-07-14
kindergarten teacher,Title posted on Jobillico -Temporary Full-Time Division 1 Teacher,"May 14, 2024",Livingstone Range School Division,"Fort Macleod,AB",Not available,Not specified,Not specified,Not specified,Not specified,https://www.jobillico.com/en/job-offer/livingstone-range-school-division/temporary-full-time-division-1-teacher/13798662?ji_visitsrc=136,2024-06-12
kindergarten teacher,Title posted on Jobillico -Temporary Full Time Division 1 Teacher,"May 14, 2024",Livingstone Range School Division,"Fort Macleod,AB",Not available,Not specified,Not specified,Not specified,Not specified,https://www.jobillico.com/en/job-offer/livingstone-range-school-division/temporary-full-time-division-1-teacher/13798659?ji_visitsrc=136,2024-06-12
kindergarten teacher,Title posted on Jobillico -0.8 FTE Probationary Teacher,"May 15, 2024",Aspen View Public Schools,"Athabasca,AB",Not available,Not specified,Not specified,Not specified,Not specified,https://www.jobillico.com/en/job-offer/aspen-view-public-schools/0.8-fte-probationary-teacher/13808427?ji_visitsrc=136,2024-06-13
"teacher, kindergarten",Title posted on ApplyToEducation -LTO - Kindergarten (1.00 FTE),"May 22, 2024",Halton Catholic District School Board,"Milton,ON",Not available,Not specified,Not specified,Not specified,Not specified,https://network.applytoeducation.com/Applicant/jobposting/jobdetails.aspx?JOB_POSTING_ID=95ff0259-03e5-4655-a4df-4e75e29fc338&amp;PAGE=1&amp;locale=en&amp;maf=0,2024-07-21
"teacher, kindergarten",Title posted on ApplyToEducation -LTO - Kindergarten PTM Teacher of the Arts (1.00 FTE),"May 22, 2024",Halton Catholic District School Board,"Burlington,ON",Not available,Not specified,Not specified,Not specified,Not specified,https://network.applytoeducation.com/Applicant/jobposting/jobdetails.aspx?JOB_POSTING_ID=783de24c-0a35-4412-b1d5-d2eebbb0e143&amp;PAGE=1&amp;locale=en&amp;maf=0,2024-07-21
"teacher, kindergarten","Title posted on ApplyToEducation -ES23-200  - Notre Dame, Niagara Falls   - Kindergarten - 1.0 FTE","May 18, 2024",Niagara Catholic District School Board,"Niagara Falls,ON",Not available,Not specified,Not specified,Not specified,Not specified,https://network.applytoeducation.com/Applicant/jobposting/jobdetails.aspx?JOB_POSTING_ID=d2d31562-f8dc-4b6c-a6e9-5793886c4297&amp;PAGE=1&amp;locale=en&amp;maf=0,2024-07-17
secondary school teacher,"Title posted on ApplyToEducation -100% Secondary LTO,  History, Phys Ed (Spec Ed) (CHW3M, CHC2DL, 	PAI1OL PAI2OL) Block: A, B, C","May 23, 2024",Ottawa-Carleton District School Board,"Nepean,ON",Not available,Not specified,Not specified,Not specified,Not specified,https://network.applytoeducation.com/Applicant/jobposting/jobdetails.aspx?JOB_POSTING_ID=fa8647f8-ef26-48df-908f-600d3c4de843&amp;PAGE=1&amp;locale=en&amp;maf=0,2024-07-22
"teacher, kindergarten",Title posted on ApplyToEducation -LTO - Kindergarten (1.00 FTE),"May 17, 2024",Halton Catholic District School Board,"Acton,ON",Not available,Not specified,Not specified,Not specified,Not specified,https://network.applytoeducation.com/Applicant/jobposting/jobdetails.aspx?JOB_POSTING_ID=ad0baf9d-e585-46b8-aece-626218199b80&amp;PAGE=1&amp;locale=en&amp;maf=0,2024-07-16
"teacher, kindergarten",Title posted on ApplyToEducation -ES23-199  - St. Therese   - Kindergarten - 1.0 FTE,"May 16, 2024",Niagara Catholic District School Board,"Port Colborne,ON",Not available,Not specified,Not specified,Not specified,Not specified,https://network.applytoeducation.com/Applicant/jobposting/jobdetails.aspx?JOB_POSTING_ID=38ef97e1-3590-4d95-9000-4a83abf38607&amp;PAGE=1&amp;locale=en&amp;maf=0,2024-07-15
elementary school teacher,N/A,"May 15, 2024",Satnam Education Society of British Columbia,"Surrey,BC",Not available,Not specified,Not specified,Not specified,Not specified,Not specified,2024-06-14
"teacher, kindergarten",Title posted on ApplyToEducation -LTO - Kindergarten (1.00 FTE),"May 14, 2024",Halton Catholic District School Board,"Milton,ON",Not available,Not specified,Not specified,Not specified,Not specified,https://network.applytoeducation.com/Applicant/jobposting/jobdetails.aspx?JOB_POSTING_ID=8bc82f5a-e3ce-4c39-8354-11af5c3ca101&amp;PAGE=1&amp;locale=en&amp;maf=0,2024-07-13
"teacher, kindergarten",Title posted on ApplyToEducation -Full Time Kindergarten Teacher,"May 15, 2024",Az-Zahraa Islamic Academy,"Richmond,BC",Not available,Not specified,Not specified,Not specified,Not specified,https://network.applytoeducation.com/Applicant/jobposting/jobdetails.aspx?JOB_POSTING_ID=412d8ab0-85e1-48c7-9b70-880122a29c51&amp;PAGE=1&amp;locale=en&amp;maf=0,2024-07-14
secondary school teacher,"Title posted on ApplyToEducation -67% Secondary LTO, Math and Science (MBF3C, SNC2D) Block: C D","May 14, 2024",Ottawa-Carleton District School Board,"Nepean,ON",Not available,Not specified,Not specified,Not specified,Not specified,https://network.applytoeducation.com/Applicant/jobposting/jobdetails.aspx?JOB_POSTING_ID=2c9f824c-59c0-440b-8cfa-be9b735e841b&amp;PAGE=1&amp;locale=en&amp;maf=0,2024-07-13
kindergarten teacher,Title posted on Jobillico -Full Time Kindergarten Teacher,"May 15, 2024",Az-Zahraa Islamic Academy,"Richmond,BC",Not available,Not specified,Not specified,Not specified,Not specified,https://www.jobillico.com/en/job-offer/az-zahraa-islamic-academy/full-time-kindergarten-teacher/13808433?ji_visitsrc=136,2024-06-13
high school teacher,N/A,"May 15, 2024",Gobind Sarvar School Calgary,"Calgary,AB",Not available,Not specified,Not specified,Not specified,Not specified,Not specified,2024-05-29
